{
	"credit": "Made with Blockbench",
	"parent": "block/block",
	"textures": {
		"0": "firmalife:block/vat",
		"1": "firmalife:block/vat_inside",
		"2": "firmalife:block/vat_bottom",
		"particle": "firmalife:block/vat"
	},
	"elements": [
		{
			"from": [1, 0, 1],
			"to": [15, 1, 15],
			"faces": {
				"north": {"uv": [1, 15, 15, 16], "texture": "#0"},
				"east": {"uv": [1, 15, 15, 16], "texture": "#0"},
				"south": {"uv": [1, 15, 15, 16], "texture": "#0"},
				"west": {"uv": [1, 15, 15, 16], "texture": "#0"},
				"up": {"uv": [1, 1, 15, 15], "texture": "#2"},
				"down": {"uv": [1, 1, 15, 15], "texture": "#2"}
			}
		},
		{
			"from": [1, 1, 1],
			"to": [15, 12, 2],
			"faces": {
				"north": {"uv": [1, 4, 15, 15], "texture": "#0"},
				"east": {"uv": [14, 4, 15, 15], "texture": "#0"},
				"south": {"uv": [1, 4, 15, 15], "texture": "#1"},
				"west": {"uv": [1, 4, 2, 15], "texture": "#0"},
				"up": {"uv": [1, 4, 15, 5], "rotation": 180, "texture": "#0"}
			}
		},
		{
			"from": [1, 1, 14],
			"to": [15, 12, 15],
			"faces": {
				"north": {"uv": [1, 4, 15, 15], "texture": "#1"},
				"east": {"uv": [1, 4, 2, 15], "texture": "#0"},
				"south": {"uv": [1, 4, 15, 15], "texture": "#0"},
				"west": {"uv": [0, 0, 1, 11], "texture": "#0"},
				"up": {"uv": [1, 14, 15, 15], "texture": "#0"}
			}
		},
		{
			"from": [1, 1, 2],
			"to": [2, 12, 14],
			"faces": {
				"east": {"uv": [2, 4, 14, 15], "texture": "#1"},
				"west": {"uv": [2, 4, 14, 15], "texture": "#0"},
				"up": {"uv": [1, 3, 2, 15], "texture": "#0"}
			}
		},
		{
			"from": [14, 1, 2],
			"to": [15, 12, 14],
			"faces": {
				"east": {"uv": [2, 4, 14, 15], "texture": "#0"},
				"west": {"uv": [2, 4, 14, 15], "texture": "#1"},
				"up": {"uv": [14, 3, 15, 15], "texture": "#0"}
			}
		}
	]
}